id,first_name,last_name,email,gender,ip_address
1,Fifi,Kovelmann,fkovelmann0@nifty.com,Female,135.164.95.72
2,Lorne,Godard,lgodard1@multiply.com,Male,175.242.245.240
3,Lyssa,Troyes,ltroyes2@biblegateway.com,Female,188.25.15.222
4,Vi,Govier,vgovier3@studiopress.com,Female,85.255.222.124
5,Brannon,Lethlay,blethlay4@paginegialle.it,Male,63.67.2.130
6,Linnell,Henkens,lhenkens5@disqus.com,Female,216.57.85.63
7,Ricky,Jiruch,rjiruch6@digg.com,Male,110.29.77.88
8,Brianna,Strangman,bstrangman7@wufoo.com,Female,82.139.246.236
9,Cordelie,Howselee,chowselee8@japanpost.jp,Female,139.205.36.39
10,Fulton,Sleit,fsleit9@nytimes.com,Male,5.141.89.133
11,Astrid,Manzell,amanzella@about.me,Female,239.116.41.80
12,Lonni,Colquyte,lcolquyteb@dot.gov,Female,141.240.158.43
13,Bellanca,Caress,bcaressc@nps.gov,Female,34.68.52.211
14,Molli,Lacroix,mlacroixd@typepad.com,Female,72.146.66.95
15,Constantine,Basini-Gazzi,cbasinigazzie@w3.org,Male,235.95.45.72
16,Eddy,Borsay,eborsayf@nps.gov,Male,223.23.241.23
17,Kory,Trammel,ktrammelg@creativecommons.org,Male,86.85.143.157
18,Grete,O'Hone,gohoneh@dyndns.org,Female,200.189.137.236
19,Sherilyn,Drakes,sdrakesi@bloglovin.com,Female,238.175.5.103
20,Theodora,Carress,tcarressj@amazon.com,Female,213.203.152.215
21,Mischa,Beadnell,mbeadnellk@nationalgeographic.com,Male,75.145.125.212
22,Zitella,Jewiss,zjewissl@usnews.com,Female,35.55.191.155
23,Parry,Geany,pgeanym@google.ca,Male,141.65.247.244
24,Durant,Gillham,dgillhamn@prlog.org,Male,187.119.198.184
25,Vanny,McLagan,vmclagano@cdc.gov,Female,172.167.248.147
26,Creigh,Bednell,cbednellp@eepurl.com,Male,1.29.116.47
27,Paulie,Conkie,pconkieq@trellian.com,Female,190.198.225.207
28,Dyanne,Borlease,dborleaser@mit.edu,Female,249.173.158.99
29,Mellie,Oliver-Paull,moliverpaulls@shutterfly.com,Female,127.240.48.122
30,Amata,Beckson,abecksont@sciencedirect.com,Female,113.77.85.121
31,Kailey,McFadzean,kmcfadzeanu@slate.com,Female,185.26.243.26
32,Benny,Sandercock,bsandercockv@nymag.com,Male,129.212.62.108
33,Skyler,Wilcockes,swilcockesw@wp.com,Male,159.172.192.207
34,Delphinia,Cawdron,dcawdronx@nhs.uk,Female,62.67.128.140
35,Lanie,Dugan,ldugany@simplemachines.org,Male,46.62.210.80
36,Kandy,Parkhouse,kparkhousez@cpanel.net,Female,22.115.181.21
37,Nessy,Wadwell,nwadwell10@etsy.com,Female,15.152.113.237
38,Ragnar,Swigg,rswigg11@histats.com,Male,152.129.141.249
39,Rod,Ecclestone,recclestone12@imgur.com,Male,46.188.91.217
40,Chip,Bondley,cbondley13@wix.com,Male,75.73.247.109
41,Uta,Canario,ucanario14@furl.net,Female,131.236.95.82
42,Carson,Minnock,cminnock15@typepad.com,Male,92.47.90.88
43,Alberto,Brotherhead,abrotherhead16@networkadvertising.org,Male,52.238.135.131
44,Leontyne,McAndrew,lmcandrew17@epa.gov,Female,228.200.163.162
45,Erick,Nelles,enelles18@123-reg.co.uk,Male,119.150.246.160
46,Francisca,Pardoe,fpardoe19@google.de,Female,2.242.227.169
47,Keefer,Dunston,kdunston1a@bloomberg.com,Male,149.240.191.66
48,Tucky,Elce,telce1b@pcworld.com,Male,191.41.193.27
49,Travers,Sessions,tsessions1c@icq.com,Male,126.126.2.244
50,Gussi,Fellona,gfellona1d@fastcompany.com,Female,112.31.182.78
51,Pete,Haugg,phaugg1e@phpbb.com,Male,197.195.28.94
52,Martyn,Raison,mraison1f@ucla.edu,Male,14.247.156.190
53,Massimiliano,Miere,mmiere1g@facebook.com,Male,80.188.77.204
54,Florance,L'oiseau,floiseau1h@myspace.com,Female,237.77.151.252
55,Arlie,Ryam,aryam1i@umn.edu,Female,69.247.156.213
56,Jonie,Reolfo,jreolfo1j@google.fr,Female,152.48.12.204
57,Dalt,Beven,dbeven1k@opensource.org,Male,168.235.132.146
58,Willy,Bison,wbison1l@live.com,Male,246.99.69.191
59,Val,Guerreiro,vguerreiro1m@soundcloud.com,Male,125.217.67.49
60,Bayard,Hayfield,bhayfield1n@biglobe.ne.jp,Male,56.78.92.10
61,Erda,Dingivan,edingivan1o@blogs.com,Female,108.35.159.102
62,Kaila,Sloy,ksloy1p@posterous.com,Female,175.138.67.225
63,Zorah,Jaquiss,zjaquiss1q@discovery.com,Female,202.17.67.71
64,Annaliese,Uff,auff1r@wp.com,Female,82.189.34.220
65,Hermann,Lemme,hlemme1s@unicef.org,Male,197.201.45.81
66,Paddy,Battrum,pbattrum1t@php.net,Male,104.176.199.21
67,Jobina,Astell,jastell1u@gov.uk,Female,107.213.218.99
68,Jennica,Houten,jhouten1v@yandex.ru,Female,171.214.236.71
69,Cosmo,West,cwest1w@answers.com,Male,36.154.204.71
70,Abey,Haney,ahaney1x@icq.com,Male,202.51.29.114
71,Sharline,Goldsby,sgoldsby1y@stanford.edu,Female,195.211.183.202
72,Jeanna,Sinton,jsinton1z@dion.ne.jp,Female,53.100.239.125
73,Monty,Fleischer,mfleischer20@about.com,Male,213.17.231.232
74,Liam,Cheyenne,lcheyenne21@gnu.org,Male,216.59.136.144
75,Cyril,Feather,cfeather22@vk.com,Male,113.66.44.173
76,Dale,Ropars,dropars23@buzzfeed.com,Female,170.65.16.155
77,Farrel,Layhe,flayhe24@icq.com,Male,165.6.177.212
78,Emmalynn,McEntagart,emcentagart25@blogtalkradio.com,Female,200.147.38.245
79,Pacorro,Dot,pdot26@spiegel.de,Male,110.75.104.52
80,Standford,Golston,sgolston27@shutterfly.com,Male,146.169.249.73
81,Hildegaard,Jeayes,hjeayes28@ft.com,Female,68.81.249.238
82,Dolores,Gillmor,dgillmor29@nhs.uk,Female,42.160.23.123
83,Madelyn,Destouche,mdestouche2a@dell.com,Female,18.38.159.154
84,Asia,Sandels,asandels2b@merriam-webster.com,Female,64.19.234.208
85,Hernando,McGunley,hmcgunley2c@mozilla.com,Male,215.154.42.64
86,Reba,Gietz,rgietz2d@devhub.com,Female,190.10.154.134
87,Hogan,Pashby,hpashby2e@people.com.cn,Male,175.96.32.28
88,Reece,Wardlow,rwardlow2f@nature.com,Male,35.244.139.238
89,Ignazio,Neil,ineil2g@wikispaces.com,Male,143.236.169.95
90,Kylynn,Ardron,kardron2h@phpbb.com,Female,220.217.207.141
91,Lorilee,Mee,lmee2i@hud.gov,Female,17.5.86.23
92,Hollyanne,Larder,hlarder2j@archive.org,Female,16.236.124.32
93,Costa,Spinello,cspinello2k@webmd.com,Male,189.171.66.212
94,Erin,Cud,ecud2l@wikia.com,Male,128.70.243.183
95,Tomaso,Thresher,tthresher2m@miibeian.gov.cn,Male,52.215.3.23
96,Rianon,Longland,rlongland2n@seattletimes.com,Female,254.226.87.245
97,Brittne,Dring,bdring2o@engadget.com,Female,159.222.153.159
98,Hermine,Swift,hswift2p@yahoo.co.jp,Female,25.11.73.248
99,Melody,Brixey,mbrixey2q@is.gd,Female,52.108.147.123
100,Alessandro,Maddy,amaddy2r@narod.ru,Male,223.167.40.12
101,Roland,Laurence,rlaurence2s@jimdo.com,Male,151.129.236.143
102,Chandal,Searsby,csearsby2t@abc.net.au,Female,167.104.51.214
103,Fulvia,Lamble,flamble2u@indiatimes.com,Female,62.115.158.25
104,Chrissy,Cullity,ccullity2v@phpbb.com,Male,100.116.203.236
105,Guillaume,Petofi,gpetofi2w@bloglovin.com,Male,172.230.18.138
106,Kaja,Gravenall,kgravenall2x@usda.gov,Female,50.125.214.118
107,Israel,Escolme,iescolme2y@etsy.com,Male,138.163.190.126
108,Abbey,Yandell,ayandell2z@unesco.org,Female,35.167.13.248
109,Nata,Anker,nanker30@wp.com,Female,53.17.53.115
110,Kordula,Twentyman,ktwentyman31@google.es,Female,139.196.4.102
111,Maridel,Jayne,mjayne32@ning.com,Female,117.113.188.254
112,Scottie,Gosling,sgosling33@topsy.com,Male,108.252.33.134
113,Martica,Farrah,mfarrah34@quantcast.com,Female,223.61.171.47
114,Naoma,Swalough,nswalough35@uol.com.br,Female,185.116.80.19
115,Kenn,Boggis,kboggis36@ft.com,Male,51.155.5.62
116,Maura,Thornewill,mthornewill37@nydailynews.com,Female,225.91.116.11
117,Lita,Lodge,llodge38@reuters.com,Female,196.31.136.59
118,Ernie,Ungaretti,eungaretti39@blogs.com,Male,204.188.238.79
119,Daisey,Aguirre,daguirre3a@cocolog-nifty.com,Female,213.201.230.48
120,Kahlil,Klainer,kklainer3b@businesswire.com,Male,33.143.32.253
121,Theodosia,Giamuzzo,tgiamuzzo3c@behance.net,Female,30.234.141.131
122,Cart,Eyres,ceyres3d@spotify.com,Male,235.14.185.171
123,Flory,Stainfield,fstainfield3e@uol.com.br,Female,47.60.149.70
124,Odelia,Drance,odrance3f@yellowpages.com,Female,150.92.22.91
125,Joellen,Morrall,jmorrall3g@google.com,Female,92.181.92.111
126,Elsey,Struss,estruss3h@mac.com,Female,3.68.54.235
127,Oriana,Labone,olabone3i@ed.gov,Female,14.255.32.195
128,Lory,Sanches,lsanches3j@princeton.edu,Female,128.175.186.31
129,Maegan,Bonnet,mbonnet3k@cmu.edu,Female,51.247.245.124
130,Zahara,Eastcott,zeastcott3l@amazon.de,Female,76.4.80.212
131,Wilhelmina,Balaizot,wbalaizot3m@altervista.org,Female,94.255.36.28
132,Ellsworth,Munden,emunden3n@dion.ne.jp,Male,68.43.232.142
133,Elysha,Radolf,eradolf3o@mayoclinic.com,Female,126.155.243.68
134,Carroll,Oosthout de Vree,coosthoutdevree3p@miitbeian.gov.cn,Female,74.217.53.10
135,Camilla,Domke,cdomke3q@samsung.com,Female,88.32.94.144
136,George,Raphael,graphael3r@columbia.edu,Female,148.161.205.52
137,Shalna,Munroe,smunroe3s@a8.net,Female,178.127.233.229
138,Alene,Vasilischev,avasilischev3t@merriam-webster.com,Female,18.162.166.12
139,Blanch,Capner,bcapner3u@dagondesign.com,Female,28.100.199.227
140,Claudell,Caulwell,ccaulwell3v@blogger.com,Male,152.155.126.223
141,Terra,Carluccio,tcarluccio3w@state.gov,Female,68.153.192.121
142,Amalea,Fairbrother,afairbrother3x@nba.com,Female,212.50.225.227
143,Gabriele,Dalinder,gdalinder3y@washingtonpost.com,Male,76.6.173.148
144,Cassondra,Mitro,cmitro3z@taobao.com,Female,163.55.50.243
145,Bryon,Glyde,bglyde40@ibm.com,Male,120.26.118.87
146,Westleigh,Seedull,wseedull41@stumbleupon.com,Male,21.217.177.73
147,Consuelo,Keepin,ckeepin42@360.cn,Female,174.104.136.237
148,Greg,Cosslett,gcosslett43@nature.com,Male,44.203.109.87
149,Ollie,Klais,oklais44@virginia.edu,Female,174.192.108.131
150,Brianna,Dorbon,bdorbon45@chron.com,Female,111.62.126.223
151,Paten,Van der Kruijs,pvanderkruijs46@cdbaby.com,Male,146.221.101.44
152,Joann,MacCallum,jmaccallum47@deliciousdays.com,Female,96.174.150.43
153,Wayne,Mereweather,wmereweather48@bluehost.com,Male,189.118.49.229
154,Gregoor,Gaudin,ggaudin49@elegantthemes.com,Male,144.61.158.150
155,Shae,Skellern,sskellern4a@geocities.jp,Female,204.254.165.241
156,Steward,Pickton,spickton4b@youtu.be,Male,251.5.204.110
157,Myrwyn,Brosch,mbrosch4c@wix.com,Male,236.41.32.20
158,Sutherlan,Kenrick,skenrick4d@yellowbook.com,Male,93.6.178.254
159,Wyn,Pothbury,wpothbury4e@uol.com.br,Male,217.52.191.171
160,Fair,Leech,fleech4f@netvibes.com,Male,5.186.135.104
161,Urbano,McGuggy,umcguggy4g@360.cn,Male,131.106.31.207
162,Langston,Potte,lpotte4h@bbb.org,Male,65.177.32.147
163,Cary,MacGibbon,cmacgibbon4i@nytimes.com,Female,7.95.119.166
164,Friedrich,Alker,falker4j@jugem.jp,Male,37.39.118.34
165,Cody,Tyght,ctyght4k@theglobeandmail.com,Male,199.122.68.217
166,Lea,Kerwen,lkerwen4l@zdnet.com,Female,131.181.101.44
167,Remy,Gellion,rgellion4m@marketwatch.com,Female,221.162.161.148
168,Davidde,Keunemann,dkeunemann4n@accuweather.com,Male,194.149.231.93
169,Pryce,Viles,pviles4o@biglobe.ne.jp,Male,43.98.11.71
170,Tuckie,Haisell,thaisell4p@dmoz.org,Male,228.63.32.156
171,Harman,Wassung,hwassung4q@ox.ac.uk,Male,167.245.188.103
172,Wylie,Plumbe,wplumbe4r@nps.gov,Male,43.151.96.183
173,Roderigo,Growcott,rgrowcott4s@odnoklassniki.ru,Male,178.78.92.79
174,Guss,Crowthe,gcrowthe4t@un.org,Male,105.248.1.53
175,Roarke,Druery,rdruery4u@canalblog.com,Male,249.24.44.62
176,Dorice,Trusdale,dtrusdale4v@mozilla.com,Female,117.243.131.5
177,Junie,Moxham,jmoxham4w@wp.com,Female,200.160.251.126
178,Elnar,McNerlin,emcnerlin4x@ebay.co.uk,Male,133.59.99.153
179,Nikolas,Swinney,nswinney4y@si.edu,Male,6.20.176.29
180,Harp,Eaglen,heaglen4z@yahoo.com,Male,73.195.255.190
181,Dulce,Carnow,dcarnow50@nasa.gov,Female,112.234.29.216
182,Jennine,Brave,jbrave51@answers.com,Female,50.50.227.173
183,Jessie,Falconar,jfalconar52@ucoz.ru,Female,101.6.122.141
184,Erick,Moubray,emoubray53@webs.com,Male,106.127.21.11
185,Dex,Gold,dgold54@nytimes.com,Male,84.94.159.205
186,Shelby,Jedrzejewski,sjedrzejewski55@wufoo.com,Male,218.141.211.47
187,Stanwood,Poschel,sposchel56@icio.us,Male,101.220.111.118
188,Diego,Kharchinski,dkharchinski57@paypal.com,Male,120.145.132.80
189,Morty,Abramowitz,mabramowitz58@ask.com,Male,68.114.57.188
190,Kylie,Linde,klinde59@archive.org,Female,81.85.102.196
191,Sile,McCalum,smccalum5a@china.com.cn,Female,36.7.232.224
192,Stephannie,Kiehnlt,skiehnlt5b@pbs.org,Female,63.159.147.78
193,Alvis,Dove,adove5c@imdb.com,Male,251.126.80.232
194,Jarret,Mc-Kerley,jmckerley5d@rediff.com,Male,172.147.106.92
195,Hunfredo,Gowdridge,hgowdridge5e@home.pl,Male,220.64.55.183
196,Elbertina,Bever,ebever5f@smh.com.au,Female,213.153.70.2
197,Des,Aidler,daidler5g@sogou.com,Male,207.233.51.160
198,Lyndel,Spatari,lspatari5h@eepurl.com,Female,136.26.189.77
199,Kristyn,Killingbeck,kkillingbeck5i@trellian.com,Female,165.135.76.71
200,Chase,Loveridge,cloveridge5j@marketwatch.com,Male,224.24.182.131
201,Barton,Heugel,bheugel5k@1688.com,Male,150.203.111.209
202,Corbett,Louder,clouder5l@exblog.jp,Male,63.83.70.164
203,Annaliese,Gwatkin,agwatkin5m@cbsnews.com,Female,62.9.116.4
204,Emilia,Costi,ecosti5n@ucoz.com,Female,159.146.126.13
205,Malachi,Bengtsson,mbengtsson5o@netscape.com,Male,108.96.61.232
206,Isadore,Bushby,ibushby5p@goo.ne.jp,Male,89.155.62.156
207,Hali,Sailor,hsailor5q@biglobe.ne.jp,Female,248.187.67.52
208,Trefor,Weinberg,tweinberg5r@360.cn,Male,193.232.42.99
209,Clyve,Fishpool,cfishpool5s@stanford.edu,Male,126.118.42.219
210,Annalee,Trickey,atrickey5t@wordpress.org,Female,25.26.172.224
211,Jeremy,Bartoszek,jbartoszek5u@nsw.gov.au,Male,8.241.116.2
212,Nero,Drakeford,ndrakeford5v@naver.com,Male,131.52.245.71
213,Phedra,Franklin,pfranklin5w@tuttocitta.it,Female,178.85.126.165
214,Marika,Boothe,mboothe5x@uol.com.br,Female,62.53.152.156
215,Kakalina,Jellard,kjellard5y@themeforest.net,Female,249.111.94.161
216,Ashby,Bly,ably5z@mail.ru,Male,105.178.219.141
217,Onfroi,Maffulli,omaffulli60@myspace.com,Male,120.115.148.188
218,Noam,Thynn,nthynn61@google.com.br,Male,166.54.100.103
219,Oran,Sangwin,osangwin62@wiley.com,Male,73.95.106.33
220,Gwenny,Cawood,gcawood63@dropbox.com,Female,97.15.232.32
221,Shurlocke,Devers,sdevers64@nps.gov,Male,138.230.36.87
222,Eveline,Champness,echampness65@simplemachines.org,Female,47.14.104.183
223,Harris,Ree,hree66@xinhuanet.com,Male,78.51.224.120
224,Ludvig,Hellsdon,lhellsdon67@blogtalkradio.com,Male,2.175.25.165
225,Anny,Piperley,apiperley68@geocities.com,Female,148.247.92.189
226,Byrom,Barnhill,bbarnhill69@smh.com.au,Male,167.56.211.87
227,Karlens,Holleran,kholleran6a@goodreads.com,Male,125.27.132.170
228,Claudell,Gergolet,cgergolet6b@washingtonpost.com,Male,158.106.61.137
229,Baxie,Voak,bvoak6c@exblog.jp,Male,176.107.36.164
230,Margaretha,Thompsett,mthompsett6d@auda.org.au,Female,127.57.70.147
231,Zita,Syder,zsyder6e@ustream.tv,Female,154.19.136.162
232,Giorgio,Howgate,ghowgate6f@alibaba.com,Male,134.178.120.158
233,Anatole,Duchant,aduchant6g@dagondesign.com,Male,241.178.104.227
234,Vinny,Dominiak,vdominiak6h@t.co,Female,117.100.122.213
235,Ralph,Campbell,rcampbell6i@webeden.co.uk,Male,205.181.155.36
236,Leola,Agett,lagett6j@opera.com,Female,176.133.9.246
237,Dani,Tillett,dtillett6k@reference.com,Female,187.20.223.80
238,Kakalina,Platt,kplatt6l@shop-pro.jp,Female,12.31.131.4
239,Alwin,Takkos,atakkos6m@java.com,Male,95.73.154.99
240,Wayne,Hischke,whischke6n@smh.com.au,Male,131.52.9.71
241,Katerine,Madelin,kmadelin6o@sakura.ne.jp,Female,87.157.249.188
242,Sebastian,Fursland,sfursland6p@latimes.com,Male,136.195.141.164
243,Ellsworth,Dymoke,edymoke6q@icio.us,Male,120.246.240.170
244,Ruperto,Buzek,rbuzek6r@apple.com,Male,230.126.27.166
245,David,Wishkar,dwishkar6s@wsj.com,Male,76.118.155.50
246,Aurilia,Culley,aculley6t@wufoo.com,Female,77.172.140.73
247,Oberon,Ricciardi,oricciardi6u@canalblog.com,Male,89.39.139.190
248,Perry,Sommerling,psommerling6v@prnewswire.com,Male,224.216.62.151
249,Tarrah,Wyon,twyon6w@mac.com,Female,30.210.104.182
250,Esma,Hickisson,ehickisson6x@vk.com,Female,110.180.66.91
251,Ashleigh,Gittose,agittose6y@time.com,Female,30.160.86.8
252,Riccardo,Mingard,rmingard6z@sourceforge.net,Male,215.153.94.250
253,Velvet,Kelland,vkelland70@yahoo.co.jp,Female,31.33.193.16
254,Dodie,Keniwell,dkeniwell71@1688.com,Female,154.158.33.65
255,Xaviera,Burman,xburman72@narod.ru,Female,55.161.107.96
256,Job,Samsin,jsamsin73@boston.com,Male,235.107.129.54
257,Tess,Bavister,tbavister74@addthis.com,Female,88.126.52.231
258,Layney,Gotecliffe,lgotecliffe75@independent.co.uk,Female,207.249.245.117
259,Friedrich,Robic,frobic76@latimes.com,Male,168.194.171.161
260,Lancelot,Persian,lpersian77@japanpost.jp,Male,98.7.207.190
261,Hynda,Rosoman,hrosoman78@google.cn,Female,71.171.14.83
262,Austina,Bewshaw,abewshaw79@mozilla.org,Female,132.193.95.5
263,Charmain,Boake,cboake7a@chronoengine.com,Female,52.94.218.211
264,Leupold,Donett,ldonett7b@homestead.com,Male,132.128.179.67
265,Shepard,Cutteridge,scutteridge7c@homestead.com,Male,201.244.213.162
266,Raddy,Flemming,rflemming7d@hatena.ne.jp,Male,235.93.190.36
267,Man,Hardaway,mhardaway7e@blogger.com,Male,191.90.241.68
268,Kari,Jewers,kjewers7f@histats.com,Female,233.42.120.253
269,Broddy,Cosyns,bcosyns7g@liveinternet.ru,Male,191.140.217.61
270,Mano,Alsford,malsford7h@kickstarter.com,Male,166.241.120.198
271,Brandtr,Glancy,bglancy7i@cbsnews.com,Male,67.241.201.238
272,Janine,Sturley,jsturley7j@clickbank.net,Female,220.236.20.72
273,Orelia,Turrell,oturrell7k@feedburner.com,Female,32.26.84.86
274,Carleen,Long,clong7l@google.it,Female,16.157.144.69
275,Wayne,Bellfield,wbellfield7m@storify.com,Male,233.36.138.126
276,Philbert,Berry,pberry7n@noaa.gov,Male,195.72.102.173
277,Reggi,Giacaponi,rgiacaponi7o@bloglines.com,Female,167.192.54.126
278,Cyrill,Heskey,cheskey7p@dailymail.co.uk,Male,25.137.84.119
279,Thadeus,Jewitt,tjewitt7q@i2i.jp,Male,104.201.172.126
280,Vally,Bernaert,vbernaert7r@ehow.com,Female,68.218.74.81
281,Laurence,Diehn,ldiehn7s@unc.edu,Male,15.43.42.47
282,Cam,Aslum,caslum7t@twitpic.com,Male,218.22.14.207
283,Vladimir,Fayre,vfayre7u@ovh.net,Male,220.171.86.169
284,Lilyan,Browning,lbrowning7v@europa.eu,Female,136.69.134.166
285,Letitia,Blackall,lblackall7w@un.org,Female,108.8.3.241
286,Donovan,Brickdale,dbrickdale7x@va.gov,Male,90.81.2.131
287,Barbara,Aiers,baiers7y@geocities.com,Female,142.162.251.23
288,Marcia,Copyn,mcopyn7z@over-blog.com,Female,158.122.226.231
289,Shelden,Adamsky,sadamsky80@comcast.net,Male,244.245.227.91
290,Berkley,Cantrill,bcantrill81@discovery.com,Male,112.179.67.214
291,Willis,Hatton,whatton82@live.com,Male,198.175.225.175
292,Erie,Henrichs,ehenrichs83@latimes.com,Male,164.95.134.138
293,Barnabe,Massingham,bmassingham84@nps.gov,Male,57.152.149.19
294,Frederik,Harmston,fharmston85@dropbox.com,Male,106.207.216.159
295,Naoma,Swatheridge,nswatheridge86@webs.com,Female,146.179.217.207
296,Elene,Ismirnioglou,eismirnioglou87@clickbank.net,Female,167.144.16.92
297,Napoleon,Chatenier,nchatenier88@mlb.com,Male,35.134.185.215
298,Therine,Dennehy,tdennehy89@sohu.com,Female,101.98.75.87
299,Berti,Twiddell,btwiddell8a@goodreads.com,Male,168.232.168.172
300,Ephraim,Culmer,eculmer8b@bing.com,Male,55.175.168.131
301,Elsy,Bras,ebras8c@prlog.org,Female,122.184.107.70
302,Barb,Elderton,belderton8d@goo.gl,Female,238.156.255.169
303,Flore,Swalwel,fswalwel8e@gravatar.com,Female,2.27.169.59
304,Alexandre,Lumb,alumb8f@ucoz.com,Male,167.196.39.57
305,Frankie,Loder,floder8g@sakura.ne.jp,Male,200.48.49.128
306,Cyndia,Magovern,cmagovern8h@facebook.com,Female,219.75.234.237
307,Guglielma,Lodder,glodder8i@sitemeter.com,Female,37.23.39.228
308,Lucias,de Aguirre,ldeaguirre8j@wikipedia.org,Male,156.221.132.65
309,Cordelie,Rozanski,crozanski8k@fotki.com,Female,188.245.100.0
310,Della,Vedyashkin,dvedyashkin8l@earthlink.net,Female,186.193.149.25
311,Karalynn,Kacheller,kkacheller8m@etsy.com,Female,112.132.234.1
312,Corbett,Klimentyonok,cklimentyonok8n@so-net.ne.jp,Male,235.177.213.26
313,Garv,Draysay,gdraysay8o@webmd.com,Male,228.137.71.100
314,Clovis,Turbitt,cturbitt8p@nydailynews.com,Female,27.40.153.133
315,Bo,Caveney,bcaveney8q@nyu.edu,Male,61.115.241.222
316,Harv,Liley,hliley8r@hexun.com,Male,11.22.39.67
317,Lillis,Phin,lphin8s@google.de,Female,70.0.48.138
318,Nessy,Hackney,nhackney8t@squidoo.com,Female,245.194.127.22
319,Marga,Brewer,mbrewer8u@mac.com,Female,22.73.226.11
320,Marietta,Van den Hof,mvandenhof8v@desdev.cn,Female,165.88.64.59
321,Linell,Tapping,ltapping8w@merriam-webster.com,Female,238.154.2.50
322,Ezechiel,Gwinn,egwinn8x@shinystat.com,Male,65.61.207.67
323,Yank,Riddell,yriddell8y@unblog.fr,Male,181.179.222.112
324,Almeta,Ricoald,aricoald8z@apple.com,Female,109.147.223.247
325,Myrvyn,Timmens,mtimmens90@de.vu,Male,108.7.217.136
326,Margaret,Emblow,memblow91@addtoany.com,Female,247.194.14.103
327,Kynthia,Dreossi,kdreossi92@usgs.gov,Female,188.138.238.19
328,Arielle,Aldine,aaldine93@arstechnica.com,Female,76.98.21.199
329,Gerhardt,Lupton,glupton94@sogou.com,Male,58.57.194.75
330,Raimundo,Gleder,rgleder95@shareasale.com,Male,243.110.173.17
331,Vaughan,Kettlesting,vkettlesting96@dailymotion.com,Male,143.89.200.12
332,Sigismond,Willoughey,swilloughey97@auda.org.au,Male,211.251.190.81
333,Alia,Klisch,aklisch98@biglobe.ne.jp,Female,184.142.89.154
334,Wolfie,Criple,wcriple99@who.int,Male,161.246.97.139
335,Franciskus,Goodee,fgoodee9a@mashable.com,Male,2.115.151.169
336,Olympie,Joder,ojoder9b@cbslocal.com,Female,14.226.144.5
337,Tracie,Welchman,twelchman9c@shutterfly.com,Male,247.240.225.93
338,Case,Snodin,csnodin9d@wp.com,Male,111.16.96.66
339,Brad,Robinson,brobinson9e@phpbb.com,Male,188.112.75.74
340,Nerissa,St Ange,nstange9f@dyndns.org,Female,133.5.110.139
341,Orsa,Macari,omacari9g@ameblo.jp,Female,235.15.251.157
342,Jamal,Girod,jgirod9h@people.com.cn,Male,189.224.187.201
343,Kacey,Traut,ktraut9i@earthlink.net,Female,20.87.155.98
344,Matthieu,Schubart,mschubart9j@patch.com,Male,250.217.233.87
345,Joellyn,Twaite,jtwaite9k@tuttocitta.it,Female,180.53.50.146
346,Wilmer,Bartolomeazzi,wbartolomeazzi9l@jugem.jp,Male,2.231.50.177
347,Borg,Minchin,bminchin9m@cbsnews.com,Male,160.255.3.228
348,Nils,Buncher,nbuncher9n@myspace.com,Male,126.214.146.241
349,Weston,Piesing,wpiesing9o@time.com,Male,32.2.207.221
350,Prince,Fossett,pfossett9p@imdb.com,Male,17.19.203.189
351,Selene,Stoves,sstoves9q@mail.ru,Female,149.233.242.238
352,Sherm,Brickham,sbrickham9r@hc360.com,Male,165.32.180.192
353,Horace,Wakeling,hwakeling9s@techcrunch.com,Male,70.166.242.13
354,Juliette,Raisbeck,jraisbeck9t@wisc.edu,Female,116.118.83.97
355,Vale,Oulett,voulett9u@yandex.ru,Female,153.35.165.135
356,Shela,Thorneloe,sthorneloe9v@cmu.edu,Female,248.52.195.62
357,Genni,Cotesford,gcotesford9w@wikipedia.org,Female,187.53.201.10
358,Marshall,Stephenson,mstephenson9x@gravatar.com,Male,6.40.44.173
359,Dorine,Quarlis,dquarlis9y@t.co,Female,70.211.29.64
360,Linell,Pettit,lpettit9z@umich.edu,Female,174.93.47.72
361,Adel,Slight,aslighta0@scribd.com,Female,227.116.169.39
362,Cad,Toretta,ctorettaa1@com.com,Male,87.14.116.91
363,Carlynn,Joy,cjoya2@drupal.org,Female,113.17.127.24
364,Alexio,D'Alessandro,adalessandroa3@forbes.com,Male,54.50.232.206
365,Agosto,Dundredge,adundredgea4@mozilla.com,Male,106.122.248.190
366,Karlik,Petrovsky,kpetrovskya5@salon.com,Male,251.184.220.184
367,Florella,Zink,fzinka6@cornell.edu,Female,248.130.95.86
368,Miltie,Mullinder,mmullindera7@histats.com,Male,123.103.39.140
369,Westbrook,Koene,wkoenea8@google.fr,Male,147.171.160.178
370,Maudie,Perin,mperina9@51.la,Female,168.145.40.25
371,Garvin,Gonnin,ggonninaa@youtu.be,Male,49.184.78.240
372,Sherwin,Errington,serringtonab@so-net.ne.jp,Male,239.6.102.78
373,Bailey,Gianneschi,bgianneschiac@miibeian.gov.cn,Male,147.202.42.151
374,Erina,Ledingham,eledinghamad@harvard.edu,Female,33.131.74.102
375,Kristoforo,Clewlow,kclewlowae@dropbox.com,Male,52.135.4.148
376,Teddy,Brokenbrow,tbrokenbrowaf@prnewswire.com,Male,255.13.108.207
377,Justine,Cicconettii,jcicconettiiag@sbwire.com,Female,33.225.16.50
378,Catie,Mullany,cmullanyah@mashable.com,Female,121.125.94.109
379,Domeniga,Hame,dhameai@bbc.co.uk,Female,127.37.8.20
380,Vassily,Baudone,vbaudoneaj@github.io,Male,128.18.37.239
381,Dieter,Bazire,dbazireak@cbslocal.com,Male,2.5.34.205
382,Hilary,Methley,hmethleyal@symantec.com,Male,4.89.33.225
383,Noellyn,Biggins,nbigginsam@hibu.com,Female,79.122.185.232
384,Danice,Brusin,dbrusinan@techcrunch.com,Female,6.117.104.56
385,Vladimir,Broadley,vbroadleyao@msu.edu,Male,186.65.98.89
386,Walther,MacAnelley,wmacanelleyap@nps.gov,Male,141.181.233.209
387,Lavinie,Haxell,lhaxellaq@wikimedia.org,Female,156.163.215.173
388,Rolph,Dacres,rdacresar@europa.eu,Male,225.177.152.120
389,Cristobal,Kettlestringes,ckettlestringesas@sakura.ne.jp,Male,65.93.164.128
390,Esta,Ellum,eellumat@sun.com,Female,78.161.24.4
391,Jerad,Eastby,jeastbyau@auda.org.au,Male,76.152.205.23
392,Franklin,Pittam,fpittamav@diigo.com,Male,137.245.208.155
393,Walton,Newsome,wnewsomeaw@globo.com,Male,246.169.179.239
394,Brewster,Burgher,bburgherax@privacy.gov.au,Male,214.30.149.28
395,My,Vassall,mvassallay@apple.com,Male,148.51.181.38
396,Grant,Speed,gspeedaz@wiley.com,Male,176.148.51.142
397,Thornie,Courage,tcourageb0@jugem.jp,Male,190.87.1.208
398,Ginni,Dumelow,gdumelowb1@washington.edu,Female,139.22.59.192
399,Oralia,Dedney,odedneyb2@newyorker.com,Female,70.111.106.7
400,Clemmy,Suddaby,csuddabyb3@weibo.com,Female,92.219.162.174
401,Salomo,Bussetti,sbussettib4@facebook.com,Male,18.138.253.127
402,Carny,Bohey,cboheyb5@google.cn,Male,240.195.196.29
403,Maiga,Wharrier,mwharrierb6@mashable.com,Female,141.77.75.42
404,Ethe,Probin,eprobinb7@themeforest.net,Male,69.19.163.212
405,Charissa,Dionisetti,cdionisettib8@studiopress.com,Female,96.197.113.252
406,Moses,Pilkington,mpilkingtonb9@amazon.co.jp,Male,254.165.128.241
407,Prince,Waldrum,pwaldrumba@merriam-webster.com,Male,29.103.22.143
408,Allayne,Maffucci,amaffuccibb@t.co,Male,156.119.62.79
409,Leslie,Deane,ldeanebc@webmd.com,Male,220.252.215.251
410,Caresa,Wearne,cwearnebd@chron.com,Female,125.36.49.239
411,Wait,Dannehl,wdannehlbe@shutterfly.com,Male,83.26.148.48
412,Rivy,Mellodey,rmellodeybf@cdbaby.com,Female,147.249.0.204
413,Concordia,Edis,cedisbg@livejournal.com,Female,1.116.115.185
414,Reynold,Dillaway,rdillawaybh@behance.net,Male,186.93.69.23
415,Audrie,Amar,aamarbi@miibeian.gov.cn,Female,41.39.141.122
416,Georgianna,Fawke,gfawkebj@utexas.edu,Female,48.185.1.109
417,Leia,Keneforde,lkenefordebk@microsoft.com,Female,26.89.150.211
418,Nikolos,Brecknall,nbrecknallbl@networksolutions.com,Male,231.137.179.22
419,Cymbre,Goodered,cgooderedbm@accuweather.com,Female,101.157.95.15
420,Morena,Wanne,mwannebn@ibm.com,Female,239.148.243.68
421,Julietta,Norquoy,jnorquoybo@lycos.com,Female,210.245.178.73
422,Constantino,Mulryan,cmulryanbp@census.gov,Male,99.129.143.24
423,Monica,Aylward,maylwardbq@moonfruit.com,Female,18.84.218.182
424,Kat,Clemont,kclemontbr@scientificamerican.com,Female,195.93.203.225
425,Gabey,Arnow,garnowbs@paypal.com,Female,73.97.69.76
426,Mellisa,Lipprose,mlipprosebt@europa.eu,Female,247.62.8.5
427,Gweneth,Stevings,gstevingsbu@cocolog-nifty.com,Female,125.46.124.123
428,Pollyanna,Mayers,pmayersbv@vk.com,Female,86.8.29.35
429,Lexie,Davitt,ldavittbw@biglobe.ne.jp,Female,37.154.60.103
430,Candace,Selcraig,cselcraigbx@auda.org.au,Female,110.146.67.10
431,Marcel,Govinlock,mgovinlockby@amazon.com,Male,91.14.244.58
432,Nerissa,Mayer,nmayerbz@ucla.edu,Female,74.136.54.13
433,Tracie,Merrell,tmerrellc0@go.com,Male,22.217.240.119
434,Troy,Neill,tneillc1@php.net,Male,205.47.90.215
435,Sayers,Goodisson,sgoodissonc2@sogou.com,Male,214.170.169.231
436,Woodrow,Zeale,wzealec3@sakura.ne.jp,Male,253.33.187.67
437,Brody,Manterfield,bmanterfieldc4@histats.com,Male,167.92.26.146
438,Boony,Janman,bjanmanc5@jimdo.com,Male,213.180.12.142
439,Yolande,Saffe,ysaffec6@comcast.net,Female,28.202.243.228
440,Keefe,Osment,kosmentc7@printfriendly.com,Male,89.112.144.122
441,Jacob,Bruce,jbrucec8@wordpress.org,Male,101.73.185.134
442,Shaylyn,Sains,ssainsc9@sciencedaily.com,Female,162.134.253.200
443,Keefer,Richardes,krichardesca@npr.org,Male,146.85.195.127
444,Ronny,Satch,rsatchcb@4shared.com,Female,128.125.210.120
445,Idaline,Redier,irediercc@i2i.jp,Female,116.140.106.51
446,Lillis,Erdes,lerdescd@1688.com,Female,204.24.87.219
447,Inglebert,Ferryman,iferrymance@nbcnews.com,Male,144.228.47.161
448,Terencio,Le Noire,tlenoirecf@army.mil,Male,138.34.2.191
449,Valle,De Lascy,vdelascycg@salon.com,Male,28.102.119.84
450,Berti,Brewers,bbrewersch@tinyurl.com,Female,35.212.240.169
451,Hollie,Garrett,hgarrettci@chronoengine.com,Female,46.88.45.233
452,Anstice,Gallaher,agallahercj@google.co.uk,Female,37.208.167.149
453,Bill,Sidnell,bsidnellck@istockphoto.com,Male,158.122.37.72
454,Stephanus,Blamires,sblamirescl@4shared.com,Male,62.178.3.1
455,Yves,Salerno,ysalernocm@freewebs.com,Male,54.93.226.200
456,Giacopo,Ferrige,gferrigecn@phpbb.com,Male,193.139.57.60
457,Olvan,Emney,oemneyco@earthlink.net,Male,200.81.101.244
458,Lucky,Carson,lcarsoncp@umn.edu,Female,54.93.192.156
459,Lennie,Alecock,lalecockcq@histats.com,Male,225.23.188.222
460,Fairleigh,Levesque,flevesquecr@answers.com,Male,24.33.59.244
461,Munroe,Notton,mnottoncs@unicef.org,Male,156.33.65.126
462,Idell,Callicott,icallicottct@networkadvertising.org,Female,37.56.22.122
463,Matelda,Merriman,mmerrimancu@huffingtonpost.com,Female,15.53.151.198
464,Anson,Danbye,adanbyecv@comsenz.com,Male,195.197.163.96
465,Flem,Inchan,finchancw@ucsd.edu,Male,68.250.32.56
466,Raymund,Coultish,rcoultishcx@nih.gov,Male,70.104.73.156
467,Opalina,Olijve,oolijvecy@edublogs.org,Female,234.203.144.48
468,Lisa,Brasener,lbrasenercz@ifeng.com,Female,147.225.185.67
469,Jamil,Pledge,jpledged0@ow.ly,Male,236.236.100.49
470,Olwen,Mockett,omockettd1@blogger.com,Female,233.88.111.237
471,Doralia,Dunckley,ddunckleyd2@lulu.com,Female,100.75.80.7
472,Gabriele,Brayfield,gbrayfieldd3@jalbum.net,Male,210.244.195.26
473,Padgett,Coey,pcoeyd4@angelfire.com,Male,41.4.113.27
474,Linet,Caunce,lcaunced5@theglobeandmail.com,Female,61.75.177.62
475,Billy,Fellows,bfellowsd6@sogou.com,Male,221.21.164.5
476,Reggi,Towe,rtowed7@java.com,Female,206.245.100.83
477,Gaston,Klimkovich,gklimkovichd8@economist.com,Male,251.79.139.43
478,Kristopher,Punch,kpunchd9@studiopress.com,Male,119.56.72.179
479,Jedediah,MacMaykin,jmacmaykinda@howstuffworks.com,Male,117.116.129.210
480,Preston,Drewes,pdrewesdb@omniture.com,Male,182.160.242.229
481,Taddeo,Dagleas,tdagleasdc@columbia.edu,Male,38.34.7.122
482,Rayshell,Tchaikovsky,rtchaikovskydd@utexas.edu,Female,128.228.105.19
483,Ezequiel,Critch,ecritchde@intel.com,Male,196.3.82.252
484,Sibelle,Scothorn,sscothorndf@google.com,Female,241.79.72.199
485,Tammara,Bevir,tbevirdg@soup.io,Female,101.235.182.206
486,Heall,Rex,hrexdh@princeton.edu,Male,116.5.205.102
487,Thorin,Bulley,tbulleydi@paginegialle.it,Male,206.104.92.88
488,Lydia,Sorbie,lsorbiedj@barnesandnoble.com,Female,246.76.241.214
489,Jerad,Gercke,jgerckedk@umich.edu,Male,3.205.244.95
490,Leeann,Domb,ldombdl@fda.gov,Female,107.91.188.143
491,Karlan,Mattiato,kmattiatodm@fema.gov,Male,67.127.6.35
492,Leona,Gabey,lgabeydn@behance.net,Female,94.110.112.121
493,Judy,Kyle,jkyledo@dagondesign.com,Female,21.132.232.235
494,Erich,Prozillo,eprozillodp@pinterest.com,Male,143.73.8.121
495,Trudie,Saint,tsaintdq@wordpress.org,Female,227.173.189.37
496,Phylys,Gatchel,pgatcheldr@t-online.de,Female,249.124.154.207
497,Cyrill,Farraway,cfarrawayds@cmu.edu,Male,57.72.232.121
498,Kent,Popplestone,kpopplestonedt@earthlink.net,Male,21.169.175.223
499,Brett,Andrat,bandratdu@prnewswire.com,Female,130.192.249.106
500,Aleksandr,Mochan,amochandv@eventbrite.com,Male,43.36.74.104
501,Scottie,Evered,severeddw@tmall.com,Male,216.42.199.91
502,Devonne,Zolini,dzolinidx@about.me,Female,183.243.199.27
503,Mohandis,Squirrel,msquirreldy@wufoo.com,Male,238.228.125.192
504,Penny,Penhalurick,ppenhalurickdz@umn.edu,Male,100.39.151.239
505,Jesus,Avis,javise0@state.tx.us,Male,192.77.239.116
506,Meaghan,Hlavecek,mhlaveceke1@miitbeian.gov.cn,Female,168.203.111.63
507,Bald,Behninck,bbehnincke2@sbwire.com,Male,233.120.104.183
508,Angelo,Goode,agoodee3@elegantthemes.com,Male,240.148.219.7
509,Whitney,Kneeland,wkneelande4@infoseek.co.jp,Female,94.235.65.69
510,Kalvin,Prandoni,kprandonie5@cdc.gov,Male,149.230.178.165
511,Patti,Isaksson,pisakssone6@stumbleupon.com,Female,165.144.14.63
512,Ilyse,Tassell,itasselle7@skype.com,Female,139.249.51.74
513,Fielding,Pietesch,fpietesche8@biblegateway.com,Male,143.216.132.64
514,Charlotte,Blessed,cblessede9@redcross.org,Female,250.121.1.145
515,Iseabal,Kurdani,ikurdaniea@elegantthemes.com,Female,49.19.46.36
516,Christophe,Sterrick,csterrickeb@scribd.com,Male,248.222.164.254
517,Merwin,Mabson,mmabsonec@rediff.com,Male,113.41.107.127
518,Kristian,Bog,kboged@netscape.com,Male,0.155.176.228
519,Jaime,Gomby,jgombyee@amazonaws.com,Female,46.186.78.59
520,Farica,Feathers,ffeathersef@soup.io,Female,201.15.119.37
521,Aprilette,McGruar,amcgruareg@ovh.net,Female,24.248.162.237
522,Tome,Symcox,tsymcoxeh@myspace.com,Male,176.28.238.127
523,Orlan,Gaiger,ogaigerei@tinyurl.com,Male,136.176.20.60
524,Bendick,Whinney,bwhinneyej@mysql.com,Male,173.85.36.72
525,Nikolas,Bosomworth,nbosomworthek@microsoft.com,Male,64.128.11.149
526,Eadith,MacInerney,emacinerneyel@acquirethisname.com,Female,180.253.186.80
527,Hagen,Pyott,hpyottem@hhs.gov,Male,54.128.69.96
528,Jamison,Cleynaert,jcleynaerten@gmpg.org,Male,8.253.9.141
529,Nichole,Hammerberger,nhammerbergereo@dell.com,Male,193.13.229.40
530,Harwilll,Triggs,htriggsep@deviantart.com,Male,194.210.154.56
531,Danielle,Blow,dbloweq@cbslocal.com,Female,73.1.201.249
532,Heidie,Catonne,hcatonneer@howstuffworks.com,Female,159.66.232.15
533,Levin,Mather,lmatheres@un.org,Male,125.147.81.3
534,Ofelia,Latch,olatchet@uol.com.br,Female,202.80.1.242
535,Lina,Hechlin,lhechlineu@java.com,Female,204.172.4.10
536,Kenon,Oslar,koslarev@guardian.co.uk,Male,219.94.49.218
537,Arlene,Baggot,abaggotew@answers.com,Female,170.89.39.153
538,Tressa,Ryson,trysonex@newsvine.com,Female,14.240.86.65
539,Antonia,Greneham,agrenehamey@scribd.com,Female,126.223.1.246
540,Cletus,Oris,corisez@wordpress.org,Male,67.200.241.127
541,Eileen,McCrudden,emccruddenf0@wikia.com,Female,210.67.232.254
542,Timmy,Adhams,tadhamsf1@imgur.com,Female,52.85.10.17
543,Anetta,Redmile,aredmilef2@shinystat.com,Female,218.246.69.163
544,Welsh,Santon,wsantonf3@chicagotribune.com,Male,247.109.13.117
545,Dannie,Adney,dadneyf4@yahoo.co.jp,Male,221.237.67.77
546,Myer,Fretson,mfretsonf5@last.fm,Male,228.208.156.76
547,Jule,McCaffery,jmccafferyf6@dell.com,Male,117.46.182.123
548,Marcellus,Landy,mlandyf7@sakura.ne.jp,Male,163.237.15.227
549,Karim,Wilce,kwilcef8@tinypic.com,Male,112.225.76.132
550,Elisha,Morby,emorbyf9@sogou.com,Female,147.2.174.23
551,Heida,Mallatratt,hmallatrattfa@technorati.com,Female,236.9.212.209
552,Neron,Try,ntryfb@t-online.de,Male,229.110.106.167
553,Kingston,Pirri,kpirrifc@canalblog.com,Male,14.130.10.62
554,Tommi,Finci,tfincifd@acquirethisname.com,Female,198.4.130.31
555,Agnesse,Gindghill,agindghillfe@cnn.com,Female,153.115.141.226
556,North,Baelde,nbaeldeff@tamu.edu,Male,167.62.83.128
557,Stanford,MacQuist,smacquistfg@nps.gov,Male,117.39.55.135
558,Helsa,Smithson,hsmithsonfh@disqus.com,Female,117.126.6.61
559,Hamil,Cossons,hcossonsfi@yale.edu,Male,190.164.208.124
560,Georgy,Hallworth,ghallworthfj@umn.edu,Male,110.94.94.151
561,Noami,Fritchley,nfritchleyfk@macromedia.com,Female,246.168.255.86
562,Nolie,Yaknov,nyaknovfl@constantcontact.com,Female,159.35.237.150
563,Wat,Deavall,wdeavallfm@eepurl.com,Male,39.221.126.249
564,Hugo,Haggerty,hhaggertyfn@canalblog.com,Male,115.34.197.69
565,Luisa,Ketcher,lketcherfo@naver.com,Female,178.1.52.157
566,Elva,Lorenc,elorencfp@auda.org.au,Female,187.227.127.77
567,Micah,Chase,mchasefq@friendfeed.com,Male,206.208.84.62
568,Kendal,Oen,koenfr@free.fr,Male,76.76.251.221
569,Britney,Beadnall,bbeadnallfs@bing.com,Female,220.151.51.18
570,Allis,Bloschke,abloschkeft@wiley.com,Female,165.139.129.120
571,Lissy,Orgel,lorgelfu@forbes.com,Female,139.46.217.66
572,Kassandra,Bilton,kbiltonfv@theguardian.com,Female,120.230.7.143
573,Adrianne,Delwater,adelwaterfw@upenn.edu,Female,241.19.240.185
574,Alisander,Adnams,aadnamsfx@elpais.com,Male,148.254.104.175
575,Mozes,Macvain,mmacvainfy@merriam-webster.com,Male,118.10.79.97
576,Scotty,Lambotin,slambotinfz@rakuten.co.jp,Male,5.135.106.194
577,Mersey,Rosbotham,mrosbothamg0@naver.com,Female,224.144.122.239
578,Hazel,Byrkmyr,hbyrkmyrg1@blinklist.com,Male,132.153.22.195
579,Vic,Ledington,vledingtong2@usnews.com,Male,63.231.187.200
580,Zacharia,Rothery,zrotheryg3@apple.com,Male,127.93.145.253
581,Maybelle,Renison,mrenisong4@globo.com,Female,63.226.134.90
582,Jaquelyn,Jina,jjinag5@biblegateway.com,Female,51.106.20.89
583,Ogden,Naulty,onaultyg6@wiley.com,Male,53.199.231.149
584,Floyd,Colisbe,fcolisbeg7@biglobe.ne.jp,Male,90.211.248.203
585,Nealy,Bolderson,nboldersong8@artisteer.com,Male,178.98.154.20
586,Mary,Keiling,mkeilingg9@livejournal.com,Female,236.34.47.194
587,Daryl,Croll,dcrollga@shop-pro.jp,Male,179.100.180.108
588,Delmore,Fradson,dfradsongb@blogspot.com,Male,148.242.103.63
589,Manny,Friday,mfridaygc@pen.io,Male,138.199.171.235
590,Addison,Gilbank,agilbankgd@gizmodo.com,Male,124.82.197.233
591,Lyssa,Barsam,lbarsamge@timesonline.co.uk,Female,21.196.176.184
592,Modestine,Marley,mmarleygf@xing.com,Female,135.130.21.81
593,Selle,Danaher,sdanahergg@eepurl.com,Female,1.141.132.120
594,Ainslie,Jelly,ajellygh@mayoclinic.com,Female,149.250.206.114
595,Durant,Cordaroy,dcordaroygi@tmall.com,Male,150.199.126.6
596,Antone,Jurries,ajurriesgj@mail.ru,Male,87.189.232.55
597,Linnet,Alasdair,lalasdairgk@telegraph.co.uk,Female,130.226.71.95
598,Gianina,Rablan,grablangl@merriam-webster.com,Female,159.42.77.94
599,Tobey,Fissenden,tfissendengm@sina.com.cn,Female,122.59.247.47
600,Briney,Cleevely,bcleevelygn@china.com.cn,Female,76.111.207.197
601,Ardyce,Petriello,apetriellogo@time.com,Female,201.223.119.135
602,Liz,Pinnion,lpinniongp@archive.org,Female,76.180.136.238
603,Loraine,Eburah,leburahgq@admin.ch,Female,9.169.178.248
604,Yetta,Bauman,ybaumangr@hibu.com,Female,250.186.192.218
605,Joellyn,Geely,jgeelygs@about.me,Female,125.60.110.231
606,Darren,Pastor,dpastorgt@ustream.tv,Male,254.113.195.62
607,Windham,Kopfen,wkopfengu@cbsnews.com,Male,49.184.147.230
608,Bondie,Conkay,bconkaygv@istockphoto.com,Male,196.16.75.107
609,Krishnah,Grason,kgrasongw@bbb.org,Male,160.60.140.77
610,Tremaine,Vanelli,tvanelligx@discuz.net,Male,202.81.253.5
611,Agnella,Izod,aizodgy@domainmarket.com,Female,207.75.240.168
612,Brander,Idale,bidalegz@shop-pro.jp,Male,49.177.7.94
613,Jammal,Riddeough,jriddeoughh0@answers.com,Male,158.67.116.63
614,Vale,Ive,viveh1@unc.edu,Male,229.91.193.201
615,Zaccaria,Jackman,zjackmanh2@linkedin.com,Male,101.122.16.143
616,Kirk,Hulse,khulseh3@skyrock.com,Male,17.82.194.15
617,Althea,Sheryn,asherynh4@booking.com,Female,72.205.238.75
618,Gregory,O'Donnell,godonnellh5@virginia.edu,Male,143.231.252.205
619,Renato,Muspratt,rmuspratth6@cpanel.net,Male,246.194.94.73
620,Sloane,Joesbury,sjoesburyh7@google.it,Male,212.93.133.69
621,Kari,Hrycek,khrycekh8@yellowpages.com,Female,227.202.190.191
622,Lucienne,Behrend,lbehrendh9@google.com.br,Female,216.146.173.56
623,Eli,Kochlin,ekochlinha@rakuten.co.jp,Male,184.103.46.129
624,Orrin,Fockes,ofockeshb@163.com,Male,154.255.90.221
625,Cecilius,Eye,ceyehc@acquirethisname.com,Male,198.228.220.135
626,Sandi,Downe,sdownehd@tripod.com,Female,117.59.39.61
627,Cy,Itschakov,citschakovhe@sciencedirect.com,Male,24.126.125.112
628,Margeaux,Small,msmallhf@histats.com,Female,143.209.217.229
629,Kayle,Paunsford,kpaunsfordhg@infoseek.co.jp,Female,69.124.168.130
630,Ezmeralda,Saggs,esaggshh@photobucket.com,Female,117.94.202.236
631,Tim,Darlow,tdarlowhi@dion.ne.jp,Male,73.29.139.227
632,Glenda,Rathbourne,grathbournehj@businessweek.com,Female,240.103.139.120
633,Suzann,Piscopello,spiscopellohk@marketwatch.com,Female,32.241.218.40
634,Gerard,Bemwell,gbemwellhl@discovery.com,Male,105.198.169.123
635,Guilbert,Shefton,gsheftonhm@latimes.com,Male,77.132.71.222
636,Christie,Muttock,cmuttockhn@unicef.org,Female,72.162.150.52
637,Ericka,Swan,eswanho@facebook.com,Female,88.53.44.118
638,Berne,Petrakov,bpetrakovhp@hibu.com,Male,239.64.183.19
639,Bathsheba,Tyler,btylerhq@upenn.edu,Female,24.114.110.134
640,Guthrie,MacMeanma,gmacmeanmahr@admin.ch,Male,60.28.129.201
641,Beck,Trenaman,btrenamanhs@jiathis.com,Male,151.175.38.85
642,Neil,Oxshott,noxshottht@ftc.gov,Male,7.22.0.56
643,Shauna,Loughnan,sloughnanhu@twitpic.com,Female,250.158.33.193
644,Miner,Skillen,mskillenhv@fda.gov,Male,74.241.138.48
645,Agatha,Fromont,afromonthw@trellian.com,Female,234.160.236.27
646,Carolyn,Gawne,cgawnehx@smugmug.com,Female,32.224.145.16
647,Molli,Dunning,mdunninghy@nyu.edu,Female,29.2.141.35
648,Tonie,Broxap,tbroxaphz@cnn.com,Female,106.62.42.236
649,Ursa,Duigenan,uduigenani0@europa.eu,Female,154.67.158.172
650,Dulciana,Langstone,dlangstonei1@cyberchimps.com,Female,202.77.21.248
651,Tisha,Rubinov,trubinovi2@umich.edu,Female,88.149.150.120
652,Sigismond,Liverseege,sliverseegei3@smugmug.com,Male,122.144.78.34
653,Cullan,Gheorghe,cgheorghei4@domainmarket.com,Male,178.38.33.221
654,Viv,Bywaters,vbywatersi5@xrea.com,Female,54.180.146.133
655,Percy,O'Sheilds,posheildsi6@go.com,Male,0.125.81.218
656,Emelita,Basilio,ebasilioi7@free.fr,Female,91.192.0.165
657,Ruben,Looker,rlookeri8@imdb.com,Male,56.73.59.133
658,Reinwald,Hubbucke,rhubbuckei9@mapy.cz,Male,51.58.2.152
659,Mela,Snell,msnellia@google.de,Female,12.159.0.52
660,Karlan,Monketon,kmonketonib@friendfeed.com,Male,239.159.120.70
661,Cora,Berling,cberlingic@dagondesign.com,Female,74.53.13.159
662,Brana,Maharey,bmahareyid@dailymail.co.uk,Female,216.18.229.59
663,Darcy,McGee,dmcgeeie@statcounter.com,Female,226.237.58.56
664,Martie,Crathorne,mcrathorneif@imageshack.us,Male,68.133.60.37
665,Fania,Overill,foverillig@uol.com.br,Female,237.215.120.31
666,Hilarius,Elwyn,helwynih@smugmug.com,Male,18.132.211.176
667,Sydel,Furlong,sfurlongii@auda.org.au,Female,169.36.228.149
668,Aleta,Akess,aakessij@histats.com,Female,251.204.117.87
669,Nolana,Ratcliff,nratcliffik@cnbc.com,Female,247.121.152.191
670,Dolly,Greatland,dgreatlandil@google.cn,Female,175.107.251.198
671,Francene,Rechert,frechertim@google.com,Female,253.33.125.234
672,Hollyanne,Benkin,hbenkinin@networksolutions.com,Female,2.126.192.71
673,Terry,Wass,twassio@unicef.org,Male,206.127.45.89
674,Pierce,Reolfi,preolfiip@google.nl,Male,191.29.110.20
675,Kial,Greystoke,kgreystokeiq@hibu.com,Female,13.224.22.77
676,Lorry,McPhillimey,lmcphillimeyir@slashdot.org,Male,153.231.84.5
677,Winn,Laise,wlaiseis@google.de,Male,177.141.222.167
678,Ario,Joselin,ajoselinit@ebay.co.uk,Male,195.128.130.91
679,Wylma,Fliege,wfliegeiu@sciencedirect.com,Female,245.155.99.175
680,Yancey,Maywood,ymaywoodiv@nifty.com,Male,76.216.130.181
681,Ansell,Mountfort,amountfortiw@ihg.com,Male,77.242.213.81
682,Hetty,Seager,hseagerix@comsenz.com,Female,245.188.98.98
683,Sissy,Butters,sbuttersiy@toplist.cz,Female,201.171.62.216
684,Neale,Monni,nmonniiz@spotify.com,Male,224.208.112.111
685,Salvador,Leece,sleecej0@si.edu,Male,239.168.165.188
686,Hillyer,Ancell,hancellj1@pbs.org,Male,88.138.207.21
687,Padgett,Boxe,pboxej2@kickstarter.com,Male,59.246.193.173
688,Glenn,Canning,gcanningj3@wired.com,Male,155.248.74.46
689,Helli,Kintzel,hkintzelj4@a8.net,Female,25.115.26.247
690,Lincoln,Guillou,lguillouj5@ning.com,Male,206.6.80.226
691,Cris,Gillet,cgilletj6@utexas.edu,Male,1.235.5.149
692,Luz,Batchelar,lbatchelarj7@amazon.de,Female,57.15.124.168
693,Pall,Blamey,pblameyj8@wordpress.org,Male,185.213.47.97
694,West,Clotworthy,wclotworthyj9@cisco.com,Male,238.255.52.156
695,Gabbey,Klain,gklainja@google.co.jp,Female,139.91.120.94
696,Pammie,Swanston,pswanstonjb@eepurl.com,Female,170.113.45.18
697,Tommy,D'Oyley,tdoyleyjc@xinhuanet.com,Male,62.93.64.193
698,Meggy,Audsley,maudsleyjd@t.co,Female,190.169.216.223
699,Rosalie,Jovis,rjovisje@chronoengine.com,Female,244.37.137.116
700,Jasun,Took,jtookjf@bluehost.com,Male,204.84.178.87
701,Phineas,Goding,pgodingjg@hud.gov,Male,210.66.57.114
702,Rodge,Note,rnotejh@chron.com,Male,136.231.156.138
703,Janis,Colleck,jcolleckji@google.it,Female,37.147.185.79
704,Alidia,Burrows,aburrowsjj@vkontakte.ru,Female,180.240.233.206
705,Jordon,Itzkovwitch,jitzkovwitchjk@typepad.com,Male,233.43.194.51
706,Lindy,Simonds,lsimondsjl@redcross.org,Female,180.252.120.141
707,Sheela,Nancarrow,snancarrowjm@nasa.gov,Female,157.9.172.197
708,Westley,Winsborrow,wwinsborrowjn@technorati.com,Male,161.22.153.94
709,Keefer,Hardistry,khardistryjo@homestead.com,Male,111.196.213.232
710,Marilyn,Dancy,mdancyjp@army.mil,Female,95.135.87.12
711,Georgetta,Jime,gjimejq@unc.edu,Female,26.79.145.73
712,Kristel,Walburn,kwalburnjr@cpanel.net,Female,31.124.80.116
713,Devora,Kingzett,dkingzettjs@go.com,Female,65.45.215.158
714,Silvana,Dwerryhouse,sdwerryhousejt@odnoklassniki.ru,Female,12.196.239.167
715,Nathanil,Kirckman,nkirckmanju@elpais.com,Male,193.108.62.246
716,Chrisy,Bolin,cbolinjv@ustream.tv,Male,204.102.76.87
717,Ethan,Sabbin,esabbinjw@stanford.edu,Male,221.3.221.22
718,Shurlocke,Parish,sparishjx@bloglovin.com,Male,109.174.240.253
719,Mychal,Matic,mmaticjy@microsoft.com,Male,251.145.51.52
720,Malachi,Freeborn,mfreebornjz@narod.ru,Male,145.135.77.91
721,Cyril,Trodler,ctrodlerk0@freewebs.com,Male,81.203.17.116
722,Alexio,Jerromes,ajerromesk1@google.es,Male,134.64.4.194
723,Obed,Paulton,opaultonk2@vistaprint.com,Male,121.66.187.109
724,Leanor,Davidi,ldavidik3@prweb.com,Female,95.254.244.134
725,Howard,Wallage,hwallagek4@alibaba.com,Male,231.13.231.178
726,Ted,Reynoollds,treynoolldsk5@qq.com,Female,175.209.160.181
727,Jere,Guppy,jguppyk6@wisc.edu,Male,10.175.157.171
728,Nils,Covelle,ncovellek7@wp.com,Male,10.122.23.46
729,Myrvyn,Farrington,mfarringtonk8@china.com.cn,Male,218.127.220.220
730,Tanney,Copeman,tcopemank9@moonfruit.com,Male,204.171.216.44
731,Suellen,Woodberry,swoodberryka@is.gd,Female,22.234.3.29
732,Berte,Rosenwald,brosenwaldkb@wikipedia.org,Female,199.46.71.181
733,Cody,Shapland,cshaplandkc@businesswire.com,Male,31.161.17.153
734,Davis,Balcombe,dbalcombekd@imageshack.us,Male,255.14.151.4
735,Arman,Josephi,ajosephike@cdc.gov,Male,231.182.1.6
736,Brad,Dane,bdanekf@webeden.co.uk,Male,220.126.251.200
737,Lusa,Iglesia,liglesiakg@creativecommons.org,Female,93.79.242.39
738,Vivianne,Euplate,veuplatekh@hc360.com,Female,106.147.204.250
739,Jami,Jennins,jjenninski@hc360.com,Female,153.16.55.37
740,Vassili,Cape,vcapekj@webs.com,Male,148.96.227.236
741,Teador,Bussetti,tbussettikk@usnews.com,Male,201.251.95.235
742,Vladamir,Staneland,vstanelandkl@quantcast.com,Male,46.76.33.182
743,Steffane,Truce,strucekm@howstuffworks.com,Female,238.199.202.66
744,Fonzie,Edgington,fedgingtonkn@cnet.com,Male,131.90.45.55
745,Lorelle,Coveney,lcoveneyko@indiatimes.com,Female,218.203.157.31
746,Derk,Medlicott,dmedlicottkp@4shared.com,Male,197.25.209.127
747,Angelita,Sivills,asivillskq@army.mil,Female,237.189.240.231
748,Jacquelyn,Grishmanov,jgrishmanovkr@nytimes.com,Female,176.32.130.86
749,Waylan,Pasterfield,wpasterfieldks@wix.com,Male,83.67.7.65
750,Mariam,Shyram,mshyramkt@hubpages.com,Female,200.159.107.89
751,Teresita,Giovanardi,tgiovanardiku@buzzfeed.com,Female,118.81.120.151
752,Rosabella,Dislee,rdisleekv@tmall.com,Female,190.245.100.51
753,Ralph,Block,rblockkw@prlog.org,Male,111.102.176.50
754,Modesty,Aaronsohn,maaronsohnkx@google.ca,Female,63.137.221.68
755,Artair,Momery,amomeryky@narod.ru,Male,233.41.14.131
756,Delcina,Kembley,dkembleykz@howstuffworks.com,Female,243.90.42.156
757,Mackenzie,Skillen,mskillenl0@ebay.com,Male,40.114.153.175
758,Johannah,Stainburn,jstainburnl1@mtv.com,Female,192.130.77.51
759,Aluin,Ingray,aingrayl2@psu.edu,Male,241.34.46.44
760,Whitby,Tugwell,wtugwelll3@geocities.com,Male,60.219.205.186
761,Lucretia,Boast,lboastl4@1und1.de,Female,35.176.62.76
762,Herta,Guerriero,hguerrierol5@china.com.cn,Female,208.176.22.8
763,Venita,Pimbley,vpimbleyl6@dailymotion.com,Female,138.6.126.202
764,Jo,Dorney,jdorneyl7@nifty.com,Female,107.30.52.92
765,Tobias,Hedden,theddenl8@flavors.me,Male,197.158.156.164
766,Doralin,Teece,dteecel9@gravatar.com,Female,130.164.63.91
767,Shandra,Scamerdine,sscamerdinela@princeton.edu,Female,22.50.203.133
768,Sunny,Blasdale,sblasdalelb@blogspot.com,Female,24.203.19.92
769,Ola,Cudmore,ocudmorelc@independent.co.uk,Female,88.36.226.243
770,Yard,Ickovicz,yickoviczld@toplist.cz,Male,200.235.5.239
771,Hermie,Triggle,htrigglele@multiply.com,Male,70.225.197.32
772,Molly,Danahar,mdanaharlf@nydailynews.com,Female,200.88.155.247
773,Fremont,Wragge,fwraggelg@angelfire.com,Male,155.118.141.179
774,Colet,Pinar,cpinarlh@plala.or.jp,Male,90.124.226.131
775,Aleta,Cluney,acluneyli@samsung.com,Female,213.189.178.5
776,Mathe,Whitcher,mwhitcherlj@ebay.com,Male,148.19.103.86
777,Dewey,Geleman,dgelemanlk@mlb.com,Male,119.131.60.64
778,Roy,Dagwell,rdagwellll@twitter.com,Male,210.156.143.54
779,Shellysheldon,Messager,smessagerlm@engadget.com,Male,132.73.100.201
780,Goober,Lawlee,glawleeln@ibm.com,Male,136.208.148.198
781,Osbert,Giacubo,ogiacubolo@bloomberg.com,Male,91.10.220.116
782,Galvan,Pinchen,gpinchenlp@yahoo.co.jp,Male,85.41.88.50
783,Demetris,Needs,dneedslq@cyberchimps.com,Female,26.207.69.214
784,Kirstyn,Gaishson,kgaishsonlr@example.com,Female,159.106.98.199
785,Jayme,Gilloran,jgilloranls@freewebs.com,Male,50.189.220.125
786,Rosalinda,Le Surf,rlesurflt@yellowbook.com,Female,216.185.94.124
787,Fiorenze,Carik,fcariklu@storify.com,Female,128.49.232.121
788,Mimi,Aikman,maikmanlv@craigslist.org,Female,157.90.183.183
789,Sandy,Wybrew,swybrewlw@discovery.com,Male,76.241.224.20
790,Corbet,Janeczek,cjaneczeklx@rediff.com,Male,86.202.208.154
791,Ebba,Happer,ehapperly@un.org,Female,12.158.235.133
792,Paige,Lambrick,plambricklz@desdev.cn,Female,72.228.212.251
793,Izabel,Stiddard,istiddardm0@goo.ne.jp,Female,221.74.127.74
794,Filippo,Purseglove,fpurseglovem1@tiny.cc,Male,68.58.238.47
795,Rhea,Clampe,rclampem2@washington.edu,Female,148.207.105.61
796,Vitia,Ginger,vgingerm3@upenn.edu,Female,13.161.231.32
797,Ramsay,Wyllcocks,rwyllcocksm4@hc360.com,Male,114.236.187.2
798,Delinda,Tabard,dtabardm5@discovery.com,Female,81.217.205.5
799,Brnaby,MacSharry,bmacsharrym6@ning.com,Male,160.118.181.245
800,Yolanthe,Daveley,ydaveleym7@reference.com,Female,226.215.76.33
801,Woodie,McColl,wmccollm8@chicagotribune.com,Male,169.184.149.219
802,Thorndike,Moger,tmogerm9@irs.gov,Male,159.229.77.111
803,Aldis,Wisby,awisbyma@deliciousdays.com,Male,76.218.203.89
804,Leland,Kilpatrick,lkilpatrickmb@dagondesign.com,Female,183.60.75.156
805,Donella,Caston,dcastonmc@wikispaces.com,Female,110.250.76.112
806,Joellen,Emmet,jemmetmd@cbsnews.com,Female,136.206.42.233
807,Dorella,Pearsey,dpearseyme@squidoo.com,Female,186.51.229.181
808,Maxy,Aspole,maspolemf@bloglovin.com,Female,228.137.77.46
809,Courtnay,Boyton,cboytonmg@baidu.com,Male,185.222.176.165
810,Dylan,Boddice,dboddicemh@rakuten.co.jp,Male,210.56.237.63
811,Troy,Issitt,tissittmi@i2i.jp,Male,128.219.112.211
812,Juliette,McGennis,jmcgennismj@gov.uk,Female,3.234.180.232
813,Goddard,Legate,glegatemk@ibm.com,Male,52.238.135.75
814,Lizzy,Mereweather,lmereweatherml@ucla.edu,Female,97.71.138.122
815,Brockie,Baudouin,bbaudouinmm@epa.gov,Male,241.68.178.163
816,Darcie,Elcoate,delcoatemn@bizjournals.com,Female,74.57.232.147
817,Beau,Dann,bdannmo@ehow.com,Male,209.70.200.124
818,Shaun,Escale,sescalemp@wired.com,Female,21.239.112.170
819,Violet,Chadwyck,vchadwyckmq@dion.ne.jp,Female,213.20.189.220
820,Waneta,Menary,wmenarymr@histats.com,Female,201.15.4.3
821,Thayne,Cirlos,tcirlosms@forbes.com,Male,59.153.74.14
822,Doretta,Batrim,dbatrimmt@1und1.de,Female,236.38.40.59
823,Janka,Gildroy,jgildroymu@yandex.ru,Female,40.146.162.236
824,Anatol,Mougeot,amougeotmv@army.mil,Male,32.198.141.147
825,Lanae,Sustin,lsustinmw@wikipedia.org,Female,221.59.92.87
826,Janos,Goggin,jgogginmx@patch.com,Male,171.237.104.91
827,Josey,Capponer,jcapponermy@indiegogo.com,Female,16.162.30.193
828,Deloria,Laurentin,dlaurentinmz@geocities.jp,Female,140.43.181.111
829,Cacilia,Livezley,clivezleyn0@nydailynews.com,Female,64.228.136.142
830,Sigismundo,Lorek,slorekn1@yale.edu,Male,221.35.15.102
831,Karry,Braemer,kbraemern2@pinterest.com,Female,16.222.174.194
832,Batholomew,Wye,bwyen3@blogger.com,Male,11.139.158.191
833,Lilia,Tabbitt,ltabbittn4@google.com,Female,142.108.44.68
834,Jarret,Mordin,jmordinn5@independent.co.uk,Male,70.30.220.9
835,Lukas,Masarrat,lmasarratn6@craigslist.org,Male,213.198.141.72
836,Helli,Hawkridge,hhawkridgen7@bigcartel.com,Female,122.181.146.85
837,Augusto,Beazleigh,abeazleighn8@europa.eu,Male,18.225.216.25
838,Babs,Pomphrett,bpomphrettn9@jalbum.net,Female,147.9.190.45
839,Tye,Gowans,tgowansna@moonfruit.com,Male,6.117.72.4
840,Hollis,Tunny,htunnynb@imdb.com,Male,2.100.174.218
841,Bartholomeo,Dudin,bdudinnc@biglobe.ne.jp,Male,180.223.98.204
842,Nickie,Gye,ngyend@google.co.jp,Male,221.227.199.249
843,Camella,Loy,cloyne@printfriendly.com,Female,128.198.101.212
844,Erinna,Frapwell,efrapwellnf@va.gov,Female,201.25.119.201
845,Rouvin,Janovsky,rjanovskyng@printfriendly.com,Male,150.154.170.56
846,Edyth,Quiddington,equiddingtonnh@t.co,Female,147.89.216.220
847,Delainey,Massey,dmasseyni@smh.com.au,Male,29.242.167.48
848,Eziechiele,Strut,estrutnj@wiley.com,Male,153.248.137.85
849,Merola,Siderfin,msiderfinnk@live.com,Female,171.114.16.112
850,Reena,Thewys,rthewysnl@chron.com,Female,3.121.67.20
851,Kirbee,Picot,kpicotnm@infoseek.co.jp,Female,137.38.169.223
852,Madalena,Donahue,mdonahuenn@live.com,Female,2.234.127.84
853,Bondon,McDonough,bmcdonoughno@accuweather.com,Male,225.108.239.97
854,Langston,Wrangle,lwranglenp@indiegogo.com,Male,211.232.1.141
855,Duky,De Ruggero,dderuggeronq@clickbank.net,Male,112.115.86.139
856,Gabe,Iozefovich,giozefovichnr@mlb.com,Male,103.196.132.248
857,Rosalyn,Mosdill,rmosdillns@reverbnation.com,Female,62.218.179.202
858,Suzette,Riditch,sriditchnt@ycombinator.com,Female,128.119.192.102
859,Adam,Parmenter,aparmenternu@usda.gov,Male,207.172.181.136
860,Jeniece,Maber,jmabernv@gmpg.org,Female,11.250.147.223
861,Eddie,Wolfinger,ewolfingernw@ihg.com,Female,56.149.130.31
862,Devinne,Dytham,ddythamnx@indiatimes.com,Female,87.40.160.1
863,Dani,Panks,dpanksny@aol.com,Male,11.114.101.247
864,Teri,Izhaky,tizhakynz@smh.com.au,Female,150.122.30.104
865,Ajay,Dalliwater,adalliwatero0@google.co.uk,Female,235.71.149.34
866,Latashia,Lanahan,llanahano1@ycombinator.com,Female,137.36.174.27
867,Ronny,Halle,rhalleo2@time.com,Male,0.145.197.212
868,Guendolen,McCoole,gmccooleo3@narod.ru,Female,64.138.56.62
869,Aubrette,Kyneton,akynetono4@irs.gov,Female,18.49.80.17
870,Enid,McConville,emcconvilleo5@diigo.com,Female,58.237.173.198
871,Elise,Brew,ebrewo6@walmart.com,Female,126.221.72.46
872,Karrie,Sawfoot,ksawfooto7@nps.gov,Female,157.171.126.100
873,Annabelle,Hornbuckle,ahornbuckleo8@springer.com,Female,82.130.202.96
874,Rosemonde,Denington,rdeningtono9@oaic.gov.au,Female,221.168.113.32
875,Joy,Coppledike,jcoppledikeoa@google.co.jp,Female,51.117.74.174
876,Rusty,Bengefield,rbengefieldob@upenn.edu,Male,154.87.57.153
877,Mead,Dreghorn,mdreghornoc@about.com,Male,225.112.13.220
878,Finley,Matuszynski,fmatuszynskiod@rakuten.co.jp,Male,2.139.191.0
879,Nikolas,Denisot,ndenisotoe@aol.com,Male,247.25.96.64
880,Gay,Woodwin,gwoodwinof@ucla.edu,Male,15.14.128.194
881,Lusa,Teal,ltealog@uol.com.br,Female,51.20.243.125
882,Gianna,Harford,gharfordoh@thetimes.co.uk,Female,198.131.32.199
883,Leila,Higgan,lhigganoi@time.com,Female,99.174.56.167
884,Ania,Davoren,adavorenoj@plala.or.jp,Female,68.48.152.181
885,Tracy,Anderson,tandersonok@comcast.net,Female,185.3.176.215
886,Fidelity,Bockmaster,fbockmasterol@army.mil,Female,192.140.63.216
887,Chery,MacCrann,cmaccrannom@hud.gov,Female,14.25.33.0
888,Harmon,Chotty,hchottyon@wunderground.com,Male,247.195.123.38
889,Evered,Kettlestring,ekettlestringoo@a8.net,Male,32.150.220.40
890,Yardley,Castelijn,ycastelijnop@bluehost.com,Male,255.114.6.128
891,Zahara,Tregonna,ztregonnaoq@dedecms.com,Female,204.33.12.40
892,Chantalle,Pegram,cpegramor@rediff.com,Female,250.89.50.251
893,Andriette,Mingardi,amingardios@goo.ne.jp,Female,67.88.249.138
894,Edita,Vaneev,evaneevot@china.com.cn,Female,183.185.28.94
895,Oralle,Nellies,onelliesou@hp.com,Female,78.113.32.43
896,Lancelot,Blown,lblownov@skyrock.com,Male,240.226.87.124
897,Teddy,Bonelle,tbonelleow@pcworld.com,Female,2.172.137.75
898,Kimberlyn,Byram,kbyramox@geocities.jp,Female,226.165.27.88
899,Leena,Lesmonde,llesmondeoy@samsung.com,Female,177.66.206.233
900,Coralyn,Maydwell,cmaydwelloz@wikispaces.com,Female,238.19.178.69
901,Nathaniel,Mille,nmillep0@mlb.com,Male,225.202.19.160
902,Thelma,Dermott,tdermottp1@springer.com,Female,63.93.137.54
903,Shanon,Tunstall,stunstallp2@booking.com,Female,173.243.47.114
904,Temp,Ormston,tormstonp3@google.co.uk,Male,106.221.36.98
905,Zaneta,Privett,zprivettp4@cbslocal.com,Female,243.134.97.158
906,Paddie,Larciere,plarcierep5@ameblo.jp,Male,111.96.181.183
907,Melissa,Gutridge,mgutridgep6@privacy.gov.au,Female,218.34.116.140
908,Codi,Showers,cshowersp7@yellowbook.com,Male,110.230.120.224
909,Marline,Kees,mkeesp8@mysql.com,Female,62.255.196.104
910,Madelin,Kite,mkitep9@blogger.com,Female,8.153.59.33
911,Siegfried,Mincher,smincherpa@marketwatch.com,Male,13.69.78.58
912,Vidovic,Indruch,vindruchpb@paginegialle.it,Male,225.149.240.203
913,Gray,Willman,gwillmanpc@over-blog.com,Female,114.214.86.204
914,Marj,Caunter,mcaunterpd@dropbox.com,Female,136.60.232.115
915,Thoma,Blaisdale,tblaisdalepe@si.edu,Male,72.83.114.13
916,Giacobo,Melsome,gmelsomepf@4shared.com,Male,237.85.226.250
917,Rubi,Sacher,rsacherpg@va.gov,Female,229.248.182.17
918,Christi,Starzaker,cstarzakerph@java.com,Female,164.26.209.214
919,Luce,Scurfield,lscurfieldpi@infoseek.co.jp,Female,241.178.94.23
920,Thorndike,Fetterplace,tfetterplacepj@oracle.com,Male,218.17.161.231
921,Emelyne,Glavias,eglaviaspk@mozilla.org,Female,14.78.77.71
922,Clare,Cannavan,ccannavanpl@delicious.com,Female,250.94.48.185
923,Reagan,Jamison,rjamisonpm@printfriendly.com,Male,128.45.155.70
924,Jorgan,Dibb,jdibbpn@goodreads.com,Male,188.75.147.250
925,Gaultiero,Duddy,gduddypo@google.ru,Male,167.141.129.95
926,Marlowe,Biggs,mbiggspp@posterous.com,Male,0.128.145.37
927,Orlando,Kirrage,okirragepq@sourceforge.net,Male,52.61.187.196
928,Scotty,Shinn,sshinnpr@epa.gov,Male,70.120.78.222
929,Gwenneth,Cadogan,gcadoganps@phpbb.com,Female,106.173.5.0
930,Ogdan,Begg,obeggpt@home.pl,Male,85.145.232.111
931,Bambie,Houliston,bhoulistonpu@multiply.com,Female,63.240.198.154
932,Barry,Goodered,bgooderedpv@cnn.com,Male,11.126.130.39
933,Jocko,Guiden,jguidenpw@stumbleupon.com,Male,247.165.147.139
934,Dolph,Tewkesbury,dtewkesburypx@tuttocitta.it,Male,238.40.176.174
935,Roana,Dewhurst,rdewhurstpy@sfgate.com,Female,146.108.203.217
936,Erny,Drever,edreverpz@acquirethisname.com,Male,99.138.172.174
937,Karla,Slany,kslanyq0@meetup.com,Female,233.62.196.133
938,Anatole,Di Biasi,adibiasiq1@wiley.com,Male,84.238.180.217
939,Elspeth,Steptow,esteptowq2@163.com,Female,1.44.9.239
940,Maryellen,Di Claudio,mdiclaudioq3@bing.com,Female,2.249.130.133
941,Brooks,Momery,bmomeryq4@pcworld.com,Female,68.232.76.169
942,Neville,Fishburn,nfishburnq5@wordpress.org,Male,158.234.202.209
943,Giselbert,Marshal,gmarshalq6@dot.gov,Male,8.10.79.202
944,Rahal,Kiezler,rkiezlerq7@cargocollective.com,Female,254.87.140.181
945,Walker,Baldung,wbaldungq8@patch.com,Male,236.83.121.149
946,Robbyn,Burchnall,rburchnallq9@dailymotion.com,Female,220.232.116.129
947,Winfred,Bovaird,wbovairdqa@patch.com,Male,38.28.108.45
948,Salomon,Demange,sdemangeqb@apple.com,Male,246.164.197.125
949,Kare,Tarzey,ktarzeyqc@mayoclinic.com,Female,236.166.56.13
950,Kahlil,Blagbrough,kblagbroughqd@gizmodo.com,Male,76.0.147.2
951,Ulrika,Vasyukov,uvasyukovqe@free.fr,Female,36.224.124.220
952,Constantine,O'Doghesty,codoghestyqf@spotify.com,Male,205.101.2.193
953,Vivianna,Thorald,vthoraldqg@usnews.com,Female,24.129.136.254
954,Raddie,Cawt,rcawtqh@over-blog.com,Male,205.226.7.129
955,Trace,Divine,tdivineqi@netvibes.com,Male,93.67.132.195
956,Kristoforo,Cubuzzi,kcubuzziqj@globo.com,Male,21.172.249.227
957,Gregoire,Errigo,gerrigoqk@mediafire.com,Male,170.105.37.84
958,Lucian,Miroy,lmiroyql@addtoany.com,Male,209.56.131.61
959,Garwood,Gianolo,ggianoloqm@google.co.jp,Male,4.226.9.27
960,Paxton,Stoyles,pstoylesqn@stanford.edu,Male,217.179.205.241
961,Cristobal,Goodman,cgoodmanqo@globo.com,Male,70.3.24.150
962,Janaye,Batalle,jbatalleqp@about.com,Female,116.15.191.174
963,Dalt,Maycey,dmayceyqq@jalbum.net,Male,66.162.41.138
964,Hillery,Farthing,hfarthingqr@constantcontact.com,Male,224.45.140.32
965,Tasha,Asp,taspqs@miitbeian.gov.cn,Female,180.153.22.204
966,Ralf,Mixworthy,rmixworthyqt@wikispaces.com,Male,128.247.186.164
967,Michaelina,O'Heffernan,moheffernanqu@fda.gov,Female,57.140.108.97
968,Amber,Cumpsty,acumpstyqv@java.com,Female,73.56.181.11
969,Tomaso,Hollerin,thollerinqw@cbsnews.com,Male,192.10.185.199
970,Tripp,Doodney,tdoodneyqx@narod.ru,Male,153.107.27.127
971,Sher,Jaques,sjaquesqy@infoseek.co.jp,Female,204.56.218.182
972,Robin,Chestle,rchestleqz@senate.gov,Female,171.18.57.245
973,Karina,Levis,klevisr0@rambler.ru,Female,253.161.179.71
974,Cointon,Tottem,ctottemr1@mediafire.com,Male,160.37.160.9
975,Eddie,Wickwar,ewickwarr2@bing.com,Female,228.250.73.32
976,Ody,Slocombe,oslocomber3@creativecommons.org,Male,28.175.237.150
977,Aili,Abbotson,aabbotsonr4@sciencedaily.com,Female,220.11.205.242
978,Sascha,De Gregoli,sdegregolir5@rediff.com,Female,118.178.41.26
979,Cate,Byforth,cbyforthr6@xinhuanet.com,Female,111.53.92.214
980,Tierney,McCormick,tmccormickr7@symantec.com,Female,202.78.137.95
981,Verney,McNuff,vmcnuffr8@webmd.com,Male,248.83.48.251
982,Mike,Earley,mearleyr9@discuz.net,Male,134.170.117.166
983,Patrice,Brenard,pbrenardra@g.co,Male,52.163.166.62
984,Rafi,Top,rtoprb@trellian.com,Male,218.82.92.234
985,Eddie,Tarquinio,etarquiniorc@usgs.gov,Female,99.84.118.20
986,Malory,Vanderson,mvandersonrd@usgs.gov,Female,162.84.26.118
987,Guillema,Andell,gandellre@instagram.com,Female,194.86.230.195
988,Barrie,Rochford,brochfordrf@sogou.com,Male,229.103.224.154
989,Wilbert,MacCallion,wmaccallionrg@elpais.com,Male,255.241.60.249
990,Merrill,Mouse,mmouserh@edublogs.org,Female,29.234.114.80
991,Leonore,Staveley,lstaveleyri@foxnews.com,Female,74.208.100.61
992,Celinka,Leng,clengrj@japanpost.jp,Female,245.11.222.137
993,Benson,Shiell,bshiellrk@blogspot.com,Male,40.170.213.210
994,Onida,Alphege,oalphegerl@cdc.gov,Female,173.84.147.219
995,Dur,Tumasian,dtumasianrm@furl.net,Male,14.172.190.202
996,Lolita,Leckie,lleckiern@youtu.be,Female,124.81.26.169
997,Abbey,Cohn,acohnro@ucoz.ru,Female,125.135.125.196
998,Tawnya,Pescod,tpescodrp@foxnews.com,Female,186.6.192.14
999,Richard,Andreopolos,randreopolosrq@jigsy.com,Male,50.219.101.56
1000,Fairleigh,Doggart,fdoggartrr@cnet.com,Male,222.128.188.166
